<project version="4">
  <component name="BookmarksManager">
    <option name="groups">
      <GroupState>
        <option name="name" value="Solution" />
      </GroupState>
    </option>
  </component>
  <component name="FileEditorManager">
    <leaf ideFingerprint="a6h67yzvlq7a" SIDE_TABS_SIZE_LIMIT_KEY="-1">
      <file current-in-tab="false">
        <entry file="file://$PROJECT_DIR$/src/Main.java">
          <provider editor-type-id="text-editor" selected="true">
            <state relative-caret-position="880">
              <caret line="40" column="1" lean-forward="true" selection-start-line="40" selection-start-column="1" selection-end-line="40" selection-end-column="1" />
            </state>
          </provider>
        </entry>
      </file>
      <file>
        <entry file="file://$PROJECT_DIR$/src/Learner.java">
          <provider editor-type-id="text-editor" selected="true">
            <state relative-caret-position="704">
              <caret line="34" column="8" selection-start-line="34" selection-start-column="8" selection-end-line="34" selection-end-column="8" />
              <folding>
                <element signature="e#385#386#0" expanded="true" />
                <element signature="e#436#437#0" expanded="true" />
                <element signature="e#490#491#0" expanded="true" />
                <element signature="e#535#536#0" expanded="true" />
              </folding>
            </state>
          </provider>
        </entry>
      </file>
      <file current-in-tab="false">
        <entry file="file://$PROJECT_DIR$/src/Assessments.java">
          <provider editor-type-id="text-editor" selected="true">
            <state>
              <caret column="10" selection-start-column="10" selection-end-column="10" />
            </state>
          </provider>
        </entry>
      </file>
    </leaf>
  </component>
  <component name="FileTypeUsageLocalSummary"><![CDATA[{
  "data": {
    "JAVA": {
      "usageCount": 4,
      "lastUsed": 1739387507428
    }
  }
}]]></component>
  <component name="IdeDocumentHistory">
    <changedPaths>
      <option value="$PROJECT_DIR$/src/Learner.java" />
    </changedPaths>
  </component>
  <component name="IgnoredFileRootStore">
    <option name="generatedRoots">
      <set>
        <option value="$PROJECT_DIR$/.idea" />
      </set>
    </option>
  </component>
  <component name="LanguageUsageStatistics">
    <language id="JAVA">
      <summary usageCount="4" lastUsage="1739387507428" />
    </language>
  </component>
  <component name="ProjectView">
    <navigator currentView="ProjectPane" proportions="" version="1" />
    <panes>
      <pane id="PackagesPane" />
      <pane id="ProjectPane">
        <subPane>
          <expand>
            <path>
              <item name="Solution" type="b2602c69:ProjectViewProjectNode" />
              <item name="dir{file:///home/coder/coursera/IdeaProjects/Solution}" type="462c0819:PsiDirectoryNode" />
            </path>
            <path>
              <item name="Solution" type="b2602c69:ProjectViewProjectNode" />
              <item name="dir{file:///home/coder/coursera/IdeaProjects/Solution}" type="462c0819:PsiDirectoryNode" />
              <item name="dir{file:///home/coder/coursera/IdeaProjects/Solution/src}" type="462c0819:PsiDirectoryNode" />
            </path>
          </expand>
          <select />
        </subPane>
      </pane>
      <pane id="Scope" />
    </panes>
  </component>
  <component name="ToolWindowManager">
    <layout>
      <window_info id="Bookmarks" order="0" side_tool="true" />
      <window_info active="true" content_ui="combo" id="Project" order="1" visible="true" weight="0.19119072" />
      <window_info id="Learn" order="2" />
      <window_info id="Structure" order="3" side_tool="true" />
      <window_info anchor="bottom" id="Version Control" order="0" />
      <window_info anchor="bottom" id="Find" order="1" />
      <window_info anchor="bottom" id="Run" order="2" show_stripe_button="false" weight="0.32971013" />
      <window_info anchor="bottom" id="Debug" order="3" weight="0.4" />
      <window_info anchor="bottom" id="TODO" order="4" />
      <window_info anchor="bottom" id="Inspection" order="5" weight="0.4" />
      <window_info anchor="bottom" id="Problems View" order="6" />
      <window_info anchor="bottom" id="Terminal" order="7" />
      <window_info anchor="bottom" id="Services" order="8" />
      <window_info anchor="bottom" id="Build" order="9" />
      <window_info anchor="right" id="Coverage" order="0" side_tool="true" />
      <window_info anchor="right" id="AIAssistant" order="1" />
      <window_info anchor="right" id="Notifications" order="2" weight="0.25" />
      <unified_weights bottom="0.32971013" left="0.19119072" />
    </layout>
    <recentWindows>
      <value>Project</value>
      <value>Run</value>
    </recentWindows>
  </component>
  <component name="WindowStateProjectService">
    <state width="1348" height="290" key="GridCell.Tab.0.bottom" timestamp="1727357482424">
      <screen x="0" y="31" width="2192" height="1091" />
    </state>
    <state width="1348" height="290" key="GridCell.Tab.0.bottom/0.31.2192.1091@0.31.2192.1091" timestamp="1727357482424" />
    <state width="1348" height="290" key="GridCell.Tab.0.center" timestamp="1727357482424">
      <screen x="0" y="31" width="2192" height="1091" />
    </state>
    <state width="1348" height="290" key="GridCell.Tab.0.center/0.31.2192.1091@0.31.2192.1091" timestamp="1727357482424" />
    <state width="1348" height="290" key="GridCell.Tab.0.left" timestamp="1727357482424">
      <screen x="0" y="31" width="2192" height="1091" />
    </state>
    <state width="1348" height="290" key="GridCell.Tab.0.left/0.31.2192.1091@0.31.2192.1091" timestamp="1727357482424" />
    <state width="1348" height="290" key="GridCell.Tab.0.right" timestamp="1727357482424">
      <screen x="0" y="31" width="2192" height="1091" />
    </state>
    <state width="1348" height="290" key="GridCell.Tab.0.right/0.31.2192.1091@0.31.2192.1091" timestamp="1727357482424" />
  </component>
  <component name="editorHistoryManager">
    <entry file="file://$PROJECT_DIR$/src/Main.java">
      <provider selected="true" editor-type-id="text-editor">
        <state relative-caret-position="880">
          <caret line="40" column="1" lean-forward="true" selection-start-line="40" selection-start-column="1" selection-end-line="40" selection-end-column="1" />
        </state>
      </provider>
    </entry>
    <entry file="file://$PROJECT_DIR$/src/Assessments.java">
      <provider selected="true" editor-type-id="text-editor">
        <state>
          <caret column="10" selection-start-column="10" selection-end-column="10" />
        </state>
      </provider>
    </entry>
    <entry file="file://$PROJECT_DIR$/src/Learner.java">
      <provider selected="true" editor-type-id="text-editor">
        <state relative-caret-position="704">
          <caret line="34" column="8" selection-start-line="34" selection-start-column="8" selection-end-line="34" selection-end-column="8" />
          <folding>
            <element signature="e#385#386#0" expanded="true" />
            <element signature="e#436#437#0" expanded="true" />
            <element signature="e#490#491#0" expanded="true" />
            <element signature="e#535#536#0" expanded="true" />
          </folding>
        </state>
      </provider>
    </entry>
  </component>
</project>