<project version="4">
  <component name="BookmarksManager">
    <option name="groups">
      <GroupState>
        <option name="name" value="concrete-and-abstract" />
      </GroupState>
    </option>
  </component>
  <component name="FileEditorManager">
    <leaf ideFingerprint="a6h67yzvlq7a" SIDE_TABS_SIZE_LIMIT_KEY="-1">
      <file current-in-tab="false">
        <entry file="file://$PROJECT_DIR$/src/Learner.java">
          <provider editor-type-id="text-editor" selected="true">
            <state relative-caret-position="176">
              <caret line="8" column="41" lean-forward="true" selection-start-line="8" selection-start-column="41" selection-end-line="8" selection-end-column="41" />
              <folding>
                <element signature="e#599#600#0" expanded="true" />
                <element signature="e#651#652#0" expanded="true" />
                <element signature="e#748#749#0" expanded="true" />
                <element signature="e#793#794#0" expanded="true" />
              </folding>
            </state>
          </provider>
        </entry>
      </file>
      <file current-in-tab="false">
        <entry file="file://$PROJECT_DIR$/src/Course.java">
          <provider editor-type-id="text-editor" selected="true">
            <state relative-caret-position="132">
              <caret line="6" column="17" selection-start-line="6" selection-start-column="17" selection-end-line="6" selection-end-column="17" />
            </state>
          </provider>
        </entry>
      </file>
      <file current-in-tab="false">
        <entry file="file://$PROJECT_DIR$/src/Subject.java">
          <provider editor-type-id="text-editor" selected="true">
            <state relative-caret-position="264">
              <caret line="12" column="30" selection-start-line="12" selection-start-column="30" selection-end-line="12" selection-end-column="30" />
            </state>
          </provider>
        </entry>
      </file>
      <file current-in-tab="false">
        <entry file="file://$PROJECT_DIR$/src/ClassroomCourse.java">
          <provider editor-type-id="text-editor" selected="true">
            <state relative-caret-position="132">
              <caret line="6" column="52" selection-start-line="6" selection-start-column="52" selection-end-line="6" selection-end-column="52" />
            </state>
          </provider>
        </entry>
      </file>
      <file current-in-tab="false">
        <entry file="file://$PROJECT_DIR$/src/Main.java">
          <provider editor-type-id="text-editor" selected="true">
            <state relative-caret-position="748">
              <caret line="34" column="1" lean-forward="true" selection-start-line="34" selection-start-column="1" selection-end-line="34" selection-end-column="1" />
              <folding>
                <element signature="imports" expanded="true" />
              </folding>
            </state>
          </provider>
        </entry>
      </file>
      <file current-in-tab="false">
        <entry file="file://$PROJECT_DIR$/src/Assessments.java">
          <provider editor-type-id="text-editor" selected="true">
            <state relative-caret-position="88">
              <caret line="4" column="8" selection-start-line="4" selection-start-column="8" selection-end-line="4" selection-end-column="8" />
            </state>
          </provider>
        </entry>
      </file>
      <file>
        <entry file="file://$PROJECT_DIR$/src/OnlineCourse.java">
          <provider editor-type-id="text-editor" selected="true">
            <state relative-caret-position="110">
              <caret line="5" column="60" lean-forward="true" selection-start-line="5" selection-start-column="60" selection-end-line="5" selection-end-column="60" />
            </state>
          </provider>
        </entry>
      </file>
    </leaf>
  </component>
  <component name="FileTypeUsageLocalSummary"><![CDATA[{
  "data": {
    "JAVA": {
      "usageCount": 28,
      "lastUsed": 1739383208490
    }
  }
}]]></component>
  <component name="IdeDocumentHistory">
    <changedPaths>
      <option value="$PROJECT_DIR$/src/Subject.java" />
      <option value="$PROJECT_DIR$/src/ClassroomCourse.java" />
      <option value="$PROJECT_DIR$/src/Course.java" />
      <option value="$PROJECT_DIR$/src/Learner.java" />
      <option value="$PROJECT_DIR$/src/Main.java" />
      <option value="$PROJECT_DIR$/src/Assessments.java" />
      <option value="$PROJECT_DIR$/src/OnlineCourse.java" />
    </changedPaths>
  </component>
  <component name="IgnoredFileRootStore">
    <option name="generatedRoots">
      <set>
        <option value="$PROJECT_DIR$/.idea" />
      </set>
    </option>
  </component>
  <component name="LanguageUsageStatistics">
    <language id="JAVA">
      <summary usageCount="28" lastUsage="1739383208490" />
    </language>
  </component>
  <component name="ProjectView">
    <navigator currentView="ProjectPane" proportions="" version="1" />
    <panes>
      <pane id="PackagesPane" />
      <pane id="ProjectPane">
        <subPane>
          <expand>
            <path>
              <item name="concrete-and-abstract" type="b2602c69:ProjectViewProjectNode" />
              <item name="dir{file:///home/coder/coursera/IdeaProjects/concrete-and-abstract}" type="462c0819:PsiDirectoryNode" />
            </path>
            <path>
              <item name="concrete-and-abstract" type="b2602c69:ProjectViewProjectNode" />
              <item name="dir{file:///home/coder/coursera/IdeaProjects/concrete-and-abstract}" type="462c0819:PsiDirectoryNode" />
              <item name="dir{file:///home/coder/coursera/IdeaProjects/concrete-and-abstract/src}" type="462c0819:PsiDirectoryNode" />
            </path>
          </expand>
          <select />
        </subPane>
      </pane>
      <pane id="Scope" />
    </panes>
  </component>
  <component name="RunConfigurationStartHistory">
    <history>
      <element setting="Application.Main" />
    </history>
  </component>
  <component name="ToolWindowManager">
    <layout>
      <window_info id="Bookmarks" order="0" side_tool="true" />
      <window_info content_ui="combo" id="Project" order="1" weight="0.18011528" />
      <window_info id="Learn" order="2" />
      <window_info id="Structure" order="3" side_tool="true" />
      <window_info anchor="bottom" id="Version Control" order="0" />
      <window_info anchor="bottom" id="Find" order="1" />
      <window_info anchor="bottom" id="Run" order="2" visible="true" weight="0.33042252" />
      <window_info anchor="bottom" id="Debug" order="3" weight="0.4" />
      <window_info anchor="bottom" id="TODO" order="4" />
      <window_info anchor="bottom" id="Inspection" order="5" weight="0.4" />
      <window_info anchor="bottom" id="Problems View" order="6" />
      <window_info anchor="bottom" id="Terminal" order="7" />
      <window_info anchor="bottom" id="Services" order="8" />
      <window_info anchor="bottom" id="Build" order="9" weight="0.33042252" />
      <window_info anchor="right" id="Coverage" order="0" side_tool="true" />
      <window_info anchor="right" id="AIAssistant" order="1" />
      <window_info anchor="right" id="Notifications" order="2" weight="0.25" />
      <unified_weights bottom="0.33042252" left="0.18011528" />
    </layout>
    <recentWindows>
      <value>Run</value>
      <value>Build</value>
      <value>Project</value>
    </recentWindows>
  </component>
  <component name="WindowStateProjectService">
    <state x="842" y="630" width="402" height="614" key="#com.intellij.ide.util.MemberChooser" timestamp="1739208110674">
      <screen x="0" y="31" width="2086" height="1809" />
    </state>
    <state x="842" y="630" width="402" height="614" key="#com.intellij.ide.util.MemberChooser/0.31.2086.1809@0.31.2086.1809" timestamp="1739208110674" />
    <state x="804" y="827" width="477" height="220" key="#com.intellij.refactoring.move.moveClassesOrPackages.MoveClassesOrPackagesDialog.classes" timestamp="1739206153307">
      <screen x="0" y="31" width="2086" height="1809" />
    </state>
    <state x="804" y="827" width="477" height="220" key="#com.intellij.refactoring.move.moveClassesOrPackages.MoveClassesOrPackagesDialog.classes/0.31.2086.1809@0.31.2086.1809" timestamp="1739206153307" />
    <state x="826" y="693" width="434" height="488" key="FileChooserDialogImpl" timestamp="1739275987653">
      <screen x="0" y="31" width="2086" height="1809" />
    </state>
    <state x="826" y="693" width="434" height="488" key="FileChooserDialogImpl/0.31.2086.1809@0.31.2086.1809" timestamp="1739275987653" />
    <state width="991" height="558" key="GridCell.Tab.0.bottom" timestamp="1739387582904">
      <screen x="0" y="31" width="2086" height="1809" />
    </state>
    <state width="991" height="558" key="GridCell.Tab.0.bottom/0.31.2086.1809@0.31.2086.1809" timestamp="1739387582904" />
    <state width="991" height="558" key="GridCell.Tab.0.center" timestamp="1739387582904">
      <screen x="0" y="31" width="2086" height="1809" />
    </state>
    <state width="991" height="558" key="GridCell.Tab.0.center/0.31.2086.1809@0.31.2086.1809" timestamp="1739387582904" />
    <state width="991" height="558" key="GridCell.Tab.0.left" timestamp="1739387582902">
      <screen x="0" y="31" width="2086" height="1809" />
    </state>
    <state width="991" height="558" key="GridCell.Tab.0.left/0.31.2086.1809@0.31.2086.1809" timestamp="1739387582902" />
    <state width="991" height="558" key="GridCell.Tab.0.right" timestamp="1739387582904">
      <screen x="0" y="31" width="2086" height="1809" />
    </state>
    <state width="991" height="558" key="GridCell.Tab.0.right/0.31.2086.1809@0.31.2086.1809" timestamp="1739387582904" />
  </component>
  <component name="editorHistoryManager">
    <entry file="file://$PROJECT_DIR$/src/ClassroomCourse.java">
      <provider selected="true" editor-type-id="text-editor">
        <state relative-caret-position="132">
          <caret line="6" column="52" selection-start-line="6" selection-start-column="52" selection-end-line="6" selection-end-column="52" />
        </state>
      </provider>
    </entry>
    <entry file="file://$PROJECT_DIR$/src/Assessments.java">
      <provider selected="true" editor-type-id="text-editor">
        <state relative-caret-position="88">
          <caret line="4" column="8" selection-start-line="4" selection-start-column="8" selection-end-line="4" selection-end-column="8" />
        </state>
      </provider>
    </entry>
    <entry file="file://$PROJECT_DIR$/src/Course.java">
      <provider selected="true" editor-type-id="text-editor">
        <state relative-caret-position="132">
          <caret line="6" column="17" selection-start-line="6" selection-start-column="17" selection-end-line="6" selection-end-column="17" />
        </state>
      </provider>
    </entry>
    <entry file="file://$PROJECT_DIR$/src/Subject.java">
      <provider selected="true" editor-type-id="text-editor">
        <state relative-caret-position="264">
          <caret line="12" column="30" selection-start-line="12" selection-start-column="30" selection-end-line="12" selection-end-column="30" />
        </state>
      </provider>
    </entry>
    <entry file="file://$PROJECT_DIR$/src/Learner.java">
      <provider selected="true" editor-type-id="text-editor">
        <state relative-caret-position="176">
          <caret line="8" column="41" lean-forward="true" selection-start-line="8" selection-start-column="41" selection-end-line="8" selection-end-column="41" />
          <folding>
            <element signature="e#599#600#0" expanded="true" />
            <element signature="e#651#652#0" expanded="true" />
            <element signature="e#748#749#0" expanded="true" />
            <element signature="e#793#794#0" expanded="true" />
          </folding>
        </state>
      </provider>
    </entry>
    <entry file="file://$PROJECT_DIR$/src/Main.java">
      <provider selected="true" editor-type-id="text-editor">
        <state relative-caret-position="748">
          <caret line="34" column="1" lean-forward="true" selection-start-line="34" selection-start-column="1" selection-end-line="34" selection-end-column="1" />
          <folding>
            <element signature="imports" expanded="true" />
          </folding>
        </state>
      </provider>
    </entry>
    <entry file="file://$PROJECT_DIR$/src/OnlineCourse.java">
      <provider selected="true" editor-type-id="text-editor">
        <state relative-caret-position="110">
          <caret line="5" column="60" lean-forward="true" selection-start-line="5" selection-start-column="60" selection-end-line="5" selection-end-column="60" />
        </state>
      </provider>
    </entry>
  </component>
</project>