<application>
  <component name="ActionsLocalSummary">
    <e n="$Copy">
      <i c="1" l="1739276057897" />
    </e>
    <e n="$SelectAll">
      <i c="5" l="1739277968819" />
    </e>
    <e n="$Undo">
      <i c="37" l="1739387947431" />
    </e>
    <e n="BraceOrQuoteOut">
      <i c="1" l="1739211252005" />
    </e>
    <e n="CodeCompletion">
      <i c="6" l="1739387391722" />
    </e>
    <e n="EditorBackSpace">
      <i c="439" l="1739387951290" />
    </e>
    <e n="EditorChooseLookupItem">
      <i c="81" l="1739387392688" />
    </e>
    <e n="EditorCopy">
      <i c="9" l="1739386105802" />
    </e>
    <e n="EditorCut">
      <i c="4" l="1739274890923" />
    </e>
    <e n="EditorDeleteToWordStart">
      <i c="56" l="1739387952489" />
    </e>
    <e n="EditorDown">
      <i c="197" l="1739387523172" />
    </e>
    <e n="EditorDuplicate">
      <i c="2" l="1739277972232" />
    </e>
    <e n="EditorEnter">
      <i c="105" l="1739387723630" />
    </e>
    <e n="EditorEscape">
      <i c="19" l="1739386143585" />
    </e>
    <e n="EditorLeft">
      <i c="298" l="1739387950663" />
    </e>
    <e n="EditorLeftWithSelection">
      <i c="14" l="1739211120060" />
    </e>
    <e n="EditorNextWord">
      <i c="125" l="1739386138063" />
    </e>
    <e n="EditorNextWordWithSelection">
      <i c="82" l="1739387524880" />
    </e>
    <e n="EditorPaste">
      <i c="22" l="1739386111462" />
    </e>
    <e n="EditorPreviousWord">
      <i c="146" l="1739387523835" />
    </e>
    <e n="EditorPreviousWordWithSelection">
      <i c="130" l="1739387386528" />
    </e>
    <e n="EditorRight">
      <i c="300" l="1739387136702" />
    </e>
    <e n="EditorRightWithSelection">
      <i c="1" l="1739386116148" />
    </e>
    <e n="EditorScrollDown">
      <i c="12" l="1739386150492" />
    </e>
    <e n="EditorScrollUp">
      <i c="4" l="1739278782161" />
    </e>
    <e n="EditorStartNewLine">
      <i c="1" l="1739277917946" />
    </e>
    <e n="EditorTab">
      <i c="24" l="1739277889525" />
    </e>
    <e n="EditorUp">
      <i c="97" l="1739387129422" />
    </e>
    <e n="Floating.CodeToolbar.Extract">
      <i c="1" l="1739383633923" />
    </e>
    <e n="Generate">
      <i c="4" l="1739211723750" />
    </e>
    <e n="GenerateCopyright">
      <i c="1" l="1739211163177" />
    </e>
    <e n="HideActiveWindow">
      <i c="1" l="1739211120118" />
    </e>
    <e n="JumpToLastChange">
      <i c="1" l="1739208024992" />
    </e>
    <e n="MoveStatementDown">
      <i c="4" l="1739277819444" />
    </e>
    <e n="OpenFile">
      <i c="2" l="1739275984597" />
    </e>
    <e n="Rerun">
      <i c="1" l="1739387582529" />
    </e>
    <e n="Run">
      <i c="3" l="1739387005328" />
    </e>
    <e n="SaveAll">
      <i c="119" l="1739387953717" />
    </e>
    <e n="Stop">
      <i c="1" l="1727357480774" />
    </e>
    <e n="ToggleLineBreakpoint">
      <i c="1" l="1739209838304" />
    </e>
    <e n="WelcomeScreen.OpenProject">
      <i c="1" l="1724866184704" />
    </e>
    <e n="com.intellij.execution.lineMarker.LineMarkerActionWrapper">
      <i c="3" l="1739387537631" />
    </e>
    <e n="com.intellij.openapi.fileEditor.impl.tabActions.CloseTab">
      <i c="2" l="1739209014073" />
    </e>
    <e n="com.intellij.xdebugger.impl.breakpoints.RemoveBreakpointGutterIconAction">
      <i c="1" l="1739209839848" />
    </e>
  </component>
</application>