<application>
  <component name="RecentProjectsManager">
    <option name="additionalInfo">
      <map>
        <entry key="$USER_HOME$/coursera/IdeaProjects/concrete-and-abstract">
          <value>
            <RecentProjectMetaInfo frameTitle="concrete-and-abstract – Learner.java" opened="true" projectWorkspaceId="2lISf8yaM3mW6pdAJMOXBp22cqS">
              <option name="activationTimestamp" value="1739387943120" />
              <option name="binFolder" value="$APPLICATION_HOME_DIR$/bin" />
              <option name="build" value="IC-241.18034.62" />
              <option name="buildTimestamp" value="1718905980000" />
              <option name="colorInfo">
                <RecentProjectColorInfo associatedIndex="2" />
              </option>
              <frame x="226" y="51" width="1400" height="787" />
              <option name="productionCode" value="IC" />
              <option name="projectOpenTimestamp" value="1739205730505" />
            </RecentProjectMetaInfo>
          </value>
        </entry>
        <entry key="$USER_HOME$/coursera/IdeaProjects/Solution">
          <value>
            <RecentProjectMetaInfo frameTitle="Solution – Main.java" opened="true" projectWorkspaceId="2jH5R0jsdASJKFuhFwgbv7AQDrC">
              <option name="activationTimestamp" value="1739387941930" />
              <option name="binFolder" value="$APPLICATION_HOME_DIR$/bin" />
              <option name="build" value="IC-241.18034.62" />
              <option name="buildTimestamp" value="1718905980000" />
              <option name="colorInfo">
                <RecentProjectColorInfo associatedIndex="4" />
              </option>
              <frame x="396" y="76" width="1400" height="1000" />
              <option name="productionCode" value="IC" />
              <option name="projectOpenTimestamp" value="1739275990404" />
            </RecentProjectMetaInfo>
          </value>
        </entry>
      </map>
    </option>
    <option name="lastOpenedProject" value="$USER_HOME$/coursera/IdeaProjects/concrete-and-abstract" />
  </component>
</application>