<application>
  <component name="Trusted.Paths">
    <option name="TRUSTED_PROJECT_PATHS">
      <map>
        <entry key="$USER_HOME$/coursera/IdeaProjects/Solution" value="true" />
        <entry key="$USER_HOME$/coursera/IdeaProjects/concrete-and-abstract" value="true" />
      </map>
    </option>
  </component>
  <component name="Trusted.Paths.Settings">
    <option name="TRUSTED_PATHS">
      <list>
        <option value="$USER_HOME$/coursera/IdeaProjects" />
      </list>
    </option>
  </component>
</application>