<application>
  <component name="DimensionService">
    <size key="GridCell.Tab.0.left.0.0.2192.1122" width="1348" height="290" />
    <size key="GridCell.Tab.0.center.0.0.2192.1122" width="1348" height="290" />
    <size key="GridCell.Tab.0.right.0.0.2192.1122" width="1348" height="290" />
    <size key="GridCell.Tab.0.bottom.0.0.2192.1122" width="1348" height="290" />
    <size key="GridCell.Tab.0.left.0.0.2086.1840" width="991" height="558" />
    <size key="GridCell.Tab.0.center.0.0.2086.1840" width="991" height="558" />
    <size key="GridCell.Tab.0.right.0.0.2086.1840" width="991" height="558" />
    <size key="GridCell.Tab.0.bottom.0.0.2086.1840" width="991" height="558" />
  </component>
  <component name="WindowManager">
    <frame x="396" y="76" width="1400" height="1000" />
  </component>
  <component name="WindowStateApplicationService">
    <state width="549" height="78" key="ShowUsagesActions.dimensionServiceKey" timestamp="1739387258787">
      <screen x="0" y="31" width="2086" height="1809" />
    </state>
    <state width="549" height="78" key="ShowUsagesActions.dimensionServiceKey/0.31.2086.1809" timestamp="1739387258787" />
  </component>
</application>